label,status,sweep,topology,ep,intra_lat,inter_lat,intra_bw,inter_bw,tpot_ms,ttft_ms,lat_ms,tpot_p50_ms,ttft_p50_ms,n_reqs,elapsed_s,stderr,error
nvl72_ep8,ok,nvl72,nvl72,8,1000.0,1000.0,1800.0,50.0,5.667764,6.390611,498.458405,5.94071,7.028099,2,163.83257961273193,,
nvl72_ep16,ok,nvl72,nvl72,16,1000.0,1000.0,1800.0,50.0,4.0450575,6.9706115,360.7236995,4.390829,7.72919,2,362.27302742004395,,
nvl72_ep32,ok,nvl72,nvl72,32,1000.0,1000.0,1800.0,50.0,5.57182,8.512031499999999,492.209067,5.837731,9.293319,2,715.0303785800934,,
nvl72_ep64,ok,nvl72,nvl72,64,1000.0,1000.0,1800.0,50.0,8.415869,12.6776425,736.053351,8.438756,14.546451,2,1372.0676424503326,,
nvl72_ep128,ok,nvl72,nvl72,128,1000.0,1000.0,1800.0,50.0,8.5739225,11.2963325,748.1925465,8.601051,11.675735,2,2832.597010612488,,
fb4x4_swA_ep8_ilat100,ok,A,fb_4x4,8,100,2000.0,512.0,512.0,4.8008615,6.199229000000001,418.9244415,4.809619,7.210187,2,172.90503001213074,,
fb4x4_swA_ep8_ilat200,ok,A,fb_4x4,8,200,2000.0,512.0,512.0,4.8844,6.454451499999999,426.36618899999996,4.89303,7.655748,2,170.43176341056824,,
fb4x4_swA_ep8_ilat300,ok,A,fb_4x4,8,300,2000.0,512.0,512.0,4.9682034999999996,6.65447,433.7753905,4.976712,7.971785,2,169.4171380996704,,
fb4x4_swA_ep8_ilat500,ok,A,fb_4x4,8,500,2000.0,512.0,512.0,5.136077,6.821811,448.3794555,5.144608,8.138467,2,167.23758244514465,,
fb4x4_swA_ep8_ilat750,ok,A,fb_4x4,8,750,2000.0,512.0,512.0,5.345943,7.89307,467.4984885,5.354516,10.070985,2,166.15136551856995,,
fb4x4_swA_ep8_ilat1000,ok,A,fb_4x4,8,1000,2000.0,512.0,512.0,5.555834,8.545777000000001,486.20073549999995,5.56447,11.166399,2,163.01558327674866,,
fb4x4_swA_ep8_ilat1500,ok,A,fb_4x4,8,1500,2000.0,512.0,512.0,5.9756564999999995,8.5916485,522.3490205,5.984427,10.838142,2,159.89870977401733,,
fb4x4_swA_ep8_ilat2000,ok,A,fb_4x4,8,2000,2000.0,512.0,512.0,6.3955105,10.148674,560.011262,6.404413,13.532193,2,155.85113787651062,,
fb4x4_swA_ep16_ilat100,ok,A,fb_4x4,16,100,2000.0,512.0,512.0,2.4442845,5.761416,215.991506,2.445554,6.565039,2,367.23166012763977,,
fb4x4_swA_ep16_ilat200,ok,A,fb_4x4,16,200,2000.0,512.0,512.0,2.624228,5.728717,231.434076,2.625504,6.319641,2,365.4537544250488,,
fb4x4_swA_ep16_ilat300,ok,A,fb_4x4,16,300,2000.0,512.0,512.0,2.804182,6.20707,247.388487,2.80546,7.096347,2,364.39317989349365,,
fb4x4_swA_ep16_ilat500,ok,A,fb_4x4,16,500,2000.0,512.0,512.0,3.164101,6.66525,278.799181,3.16535,7.652707,2,366.156290769577,,
fb4x4_swA_ep16_ilat750,ok,A,fb_4x4,16,750,2000.0,512.0,512.0,3.6140145,6.8639589999999995,317.68968,3.615215,7.600125,2,364.49909949302673,,
fb4x4_swA_ep16_ilat1000,ok,A,fb_4x4,16,1000,2000.0,512.0,512.0,4.063943,7.563508,357.082078,4.065085,8.549223,2,366.0154960155487,,
fb4x4_swA_ep16_ilat1500,ok,A,fb_4x4,16,1500,2000.0,512.0,512.0,4.9839970000000005,9.6358605,437.9340045,5.003154,11.793928,2,345.00377583503723,,
fb4x4_swA_ep16_ilat2000,ok,A,fb_4x4,16,2000,2000.0,512.0,512.0,5.8838715,8.6787525,514.3640035,5.90315,8.979712,2,345.0401096343994,,
fb4x4_swA_ep32_ilat100,ok,A,fb_4x4,32,100,2000.0,512.0,512.0,2.654904,5.795504,234.137202,2.656075,6.461807,2,754.527774810791,,
fb4x4_swA_ep32_ilat200,ok,A,fb_4x4,32,200,2000.0,512.0,512.0,2.8348695,6.264851,250.08352100000002,2.836039,7.220501,2,753.858469247818,,
fb4x4_swA_ep32_ilat300,ok,A,fb_4x4,32,300,2000.0,512.0,512.0,3.014843,6.244117,265.540446,3.016008,6.999033,2,751.5424625873566,,
fb4x4_swA_ep32_ilat500,ok,A,fb_4x4,32,500,2000.0,512.0,512.0,3.374798,6.703912,296.955754,3.375924,7.558623,2,749.5082845687866,,
fb4x4_swA_ep32_ilat750,ok,A,fb_4x4,32,750,2000.0,512.0,512.0,3.824748,6.903912,335.850608,3.825824,7.508623,2,748.8533053398132,,
fb4x4_swA_ep32_ilat1000,ok,A,fb_4x4,32,1000,2000.0,512.0,512.0,4.2747005,7.103912,374.74570700000004,4.275729,7.458623,2,747.5885722637177,,
fb4x4_swA_ep32_ilat1500,ok,A,fb_4x4,32,1500,2000.0,512.0,512.0,5.196134,8.477101999999999,454.99479399999996,5.216714,9.305003,2,697.8355538845062,,
fb4x4_swA_ep32_ilat2000,ok,A,fb_4x4,32,2000,2000.0,512.0,512.0,6.0960435,11.193777,535.102251,6.116709,13.838353,2,663.4192345142365,,
fb4x4_swB_ep32_xlat500,ok,B,fb_4x4,32,300.0,500,512.0,512.0,2.8712245,6.061834,253.012644,2.872721,6.778467,2,761.1367967128754,,
fb4x4_swB_ep32_xlat1000,ok,B,fb_4x4,32,300.0,1000,512.0,512.0,2.9190815,6.288718,257.353287,2.920467,7.184235,2,751.4519937038422,,
fb4x4_swB_ep32_xlat2000,ok,B,fb_4x4,32,300.0,2000,512.0,512.0,3.014843,6.244117,265.540446,3.016008,6.999033,2,748.6220519542694,,
fb4x4_swB_ep32_xlat3000,ok,B,fb_4x4,32,300.0,3000,512.0,512.0,3.11065,6.2001100000000005,273.732553,3.111622,6.815019,2,743.8781280517578,,
fb4x4_swB_ep32_xlat5000,ok,B,fb_4x4,32,300.0,5000,512.0,512.0,3.3023935,6.6121099999999995,290.630175,3.303109,7.447019,2,746.8811643123627,,
fb4x4_swB_ep64_xlat500,ok,B,fb_4x4,64,300.0,500,512.0,512.0,3.003476,6.2422465,264.5742455,3.005419,7.05366,2,1572.6941454410553,,
fb4x4_swB_ep64_xlat1000,ok,B,fb_4x4,64,300.0,1000,512.0,512.0,3.1473595000000003,6.4259615,277.1301185,3.149195,7.27709,2,1558.5416796207428,,
fb4x4_swB_ep64_xlat2000,ok,B,fb_4x4,64,300.0,2000,512.0,512.0,3.4351599999999998,6.793758,302.2454375,3.436801,7.724683,2,1543.0106785297394,,
fb4x4_swB_ep64_xlat3000,ok,B,fb_4x4,64,300.0,3000,512.0,512.0,3.723004,7.161758,327.365358,3.724489,8.172683,2,1541.1950461864471,,
fb4x4_swB_ep64_xlat5000,ok,B,fb_4x4,64,300.0,5000,512.0,512.0,4.298833,7.897758,377.61978,4.300147,9.068683,2,1576.0078852176666,,
fb4x4_swB_ep128_xlat500,ok,B,fb_4x4,128,300.0,500,512.0,512.0,3.26832,6.649526,287.77815,3.271441,7.648139,2,3521.8860256671906,,
fb4x4_swB_ep128_xlat1000,ok,B,fb_4x4,128,300.0,1000,512.0,512.0,3.604127,6.745526,316.75029,3.607055,7.504139,2,3582.980829000473,,
fb4x4_swB_ep128_xlat2000,ok,B,fb_4x4,128,300.0,2000,512.0,512.0,4.275928,6.937526,374.713798,4.278657,7.216139,2,3494.588852405548,,
fb4x4_swB_ep128_xlat3000,ok,B,fb_4x4,128,300.0,3000,512.0,512.0,4.97764,8.924730499999999,436.5401895,5.004794,10.518548,2,3301.3515388965607,,
fb4x4_swB_ep128_xlat5000,ok,B,fb_4x4,128,300.0,5000,512.0,512.0,6.3215945,10.452472,553.647185,6.348797,12.230031,2,3128.68999004364,,
